{
  "seed": "0xC0FFEE",
  "seriesConfig": {
    "minCount": 15,
    "maxCount": 35,
    "minTime": 0,
    "maxTime": 100,
    "minValue": 0,
    "maxValue": 100
  },
  "series": [
    [
      0,
      0,
      0
    ],
    [
      18,
      3,
      0.16666666666666666
    ],
    [
      25,
      4,
      0.14285714285714285
    ],
    [
      27,
      7,
      1.5
    ],
    [
      30,
      9,
      0.6666666666666666
    ],
    [
      33,
      19,
      3.3333333333333335
    ],
    [
      35,
      26,
      3.5
    ],
    [
      39,
      33,
      1.75
    ],
    [
      46,
      42,
      1.2857142857142858
    ],
    [
      48,
      47,
      2.5
    ],
    [
      50,
      53,
      3
    ],
    [
      53,
      60,
      2.3333333333333335
    ],
    [
      58,
      69,
      1.8
    ],
    [
      61,
      77,
      2.6666666666666665
    ],
    [
      69,
      83,
      0.75
    ],
    [
      70,
      87,
      4
    ],
    [
      79,
      87,
      0
    ],
    [
      83,
      90,
      0.75
    ],
    [
      87,
      90,
      0
    ],
    [
      87,
      95,
      null
    ],
    [
      100,
      100,
      0.38461538461538464
    ]
  ],
  "seriesDeltas": [
    [
      0,
      0,
      0
    ],
    [
      18,
      3,
      0.16666666666666666
    ],
    [
      7,
      1,
      0.14285714285714285
    ],
    [
      2,
      3,
      1.5
    ],
    [
      3,
      2,
      0.6666666666666666
    ],
    [
      3,
      10,
      3.3333333333333335
    ],
    [
      2,
      7,
      3.5
    ],
    [
      4,
      7,
      1.75
    ],
    [
      7,
      9,
      1.2857142857142858
    ],
    [
      2,
      5,
      2.5
    ],
    [
      2,
      6,
      3
    ],
    [
      3,
      7,
      2.3333333333333335
    ],
    [
      5,
      9,
      1.8
    ],
    [
      3,
      8,
      2.6666666666666665
    ],
    [
      8,
      6,
      0.75
    ],
    [
      1,
      4,
      4
    ],
    [
      9,
      0,
      0
    ],
    [
      4,
      3,
      0.75
    ],
    [
      4,
      0,
      0
    ],
    [
      0,
      5,
      null
    ],
    [
      13,
      5,
      0.38461538461538464
    ]
  ],
  "seriesPrint": [
    "-   0 - t   0 v   0 s   0",
    "-   1 - t  18 v   3 s 0.16666666666666666",
    "-   2 - t  25 v   4 s 0.14285714285714285",
    "-   3 - t  27 v   7 s 1.5",
    "-   4 - t  30 v   9 s 0.6666666666666666",
    "-   5 - t  33 v  19 s 3.3333333333333335",
    "-   6 - t  35 v  26 s 3.5",
    "-   7 - t  39 v  33 s 1.75",
    "-   8 - t  46 v  42 s 1.2857142857142858",
    "-   9 - t  48 v  47 s 2.5",
    "-  10 - t  50 v  53 s   3",
    "-  11 - t  53 v  60 s 2.3333333333333335",
    "-  12 - t  58 v  69 s 1.8",
    "-  13 - t  61 v  77 s 2.6666666666666665",
    "-  14 - t  69 v  83 s 0.75",
    "-  15 - t  70 v  87 s   4",
    "-  16 - t  79 v  87 s   0",
    "-  17 - t  83 v  90 s 0.75",
    "-  18 - t  87 v  90 s   0",
    "-  19 - t  87 v  95 s Infinity",
    "-  20 - t 100 v 100 s 0.38461538461538464"
  ],
  "seriesDeltasPrint": [
    "-   0 - t   0 v   0 s   0",
    "-   1 - t  18 v   3 s 0.16666666666666666",
    "-   2 - t   7 v   1 s 0.14285714285714285",
    "-   3 - t   2 v   3 s 1.5",
    "-   4 - t   3 v   2 s 0.6666666666666666",
    "-   5 - t   3 v  10 s 3.3333333333333335",
    "-   6 - t   2 v   7 s 3.5",
    "-   7 - t   4 v   7 s 1.75",
    "-   8 - t   7 v   9 s 1.2857142857142858",
    "-   9 - t   2 v   5 s 2.5",
    "-  10 - t   2 v   6 s   3",
    "-  11 - t   3 v   7 s 2.3333333333333335",
    "-  12 - t   5 v   9 s 1.8",
    "-  13 - t   3 v   8 s 2.6666666666666665",
    "-  14 - t   8 v   6 s 0.75",
    "-  15 - t   1 v   4 s   4",
    "-  16 - t   9 v   0 s   0",
    "-  17 - t   4 v   3 s 0.75",
    "-  18 - t   4 v   0 s   0",
    "-  19 - t   0 v   5 s Infinity",
    "-  20 - t  13 v   5 s 0.38461538461538464"
  ],
  "amountOverTime": [
    {
      "meta": {
        "start": 108,
        "length": 21,
        "end": 129
      },
      "segment": {
        "before": "t 100 v 100 s 0.38461538461538464",
        "inside": []
      },
      "cut": {
        "cutBeforeSimul": true,
        "cutAfterSimul": true
      }
    },
    {
      "meta": {
        "start": -7,
        "length": 19,
        "end": 12
      },
      "segment": {
        "first": "t   0 v   0 s   0",
        "inside": [
          "-   0 - t   0 v   0 s   0"
        ],
        "last": "t   0 v   0 s   0",
        "after": "t  18 v   3 s 0.16666666666666666"
      },
      "cut": {
        "cutBefore": "t  -7 v   0",
        "cutBeforeSimul": false,
        "cutAfter": "t  12 v   2",
        "cutAfterSimul": false,
        "sum": "t  19 v   2"
      }
    }
  ],
  "timeOverAmount": [
    {
      "meta": {
        "start": 15,
        "length": 25,
        "end": 40
      },
      "segment": {
        "before": "t  30 v   9 s 0.6666666666666666",
        "first": "t  33 v  19 s 3.3333333333333335",
        "inside": [
          "-   0 - t  33 v  19 s 3.3333333333333335",
          "-   1 - t  35 v  26 s 3.5",
          "-   2 - t  39 v  33 s 1.75"
        ],
        "last": "t  39 v  33 s 1.75",
        "after": "t  46 v  42 s 1.2857142857142858"
      },
      "cut": {
        "cutBefore": "t 31.8 v  15",
        "cutBeforeSimul": false,
        "cutAfter": "t 44.44444444444444 v  40",
        "cutAfterSimul": false,
        "sum": "t 12.644444444444442 v  25"
      }
    },
    {
      "meta": {
        "start": 28,
        "length": 21,
        "end": 49
      },
      "segment": {
        "before": "t  35 v  26 s 3.5",
        "first": "t  39 v  33 s 1.75",
        "inside": [
          "-   0 - t  39 v  33 s 1.75",
          "-   1 - t  46 v  42 s 1.2857142857142858",
          "-   2 - t  48 v  47 s 2.5"
        ],
        "last": "t  48 v  47 s 2.5",
        "after": "t  50 v  53 s   3"
      },
      "cut": {
        "cutBefore": "t 36.142857142857146 v  28",
        "cutBeforeSimul": false,
        "cutAfter": "t 48.666666666666664 v  49",
        "cutAfterSimul": false,
        "sum": "t 12.523809523809518 v  21"
      }
    }
  ],
  "averageOverTime_10_10": {
    "avg": [
      "-   0 - t  10 v 1.6666666666666667 s 0.16666666666666669",
      "-   1 - t  10 v 1.6190476190476188 s 0.16190476190476188",
      "-   2 - t  10 v 5.714285714285714 s 0.5714285714285714",
      "-   3 - t  10 v 25.285714285714285 s 2.5285714285714285",
      "-   4 - t  10 v 18.714285714285715 s 1.8714285714285714",
      "-   5 - t  10 v 21.33333333333333 s 2.133333333333333",
      "-   6 - t  10 v 12.666666666666671 s 1.266666666666667",
      "-   7 - t  10 v 0.75 s 0.075",
      "-   8 - t  10 v 8.40384615384616 s 0.8403846153846161",
      "-   9 - t  10 v 3.8461538461538396 s 0.38461538461538397"
    ],
    "sum": "t 100 v 100",
    "holes": []
  },
  "averageOverSize_10_10": {
    "avg": [
      "-   0 - t 30.3 v  10 s 0.33003300330033003",
      "-   1 - t 2.985714285714284 v  10 s 3.3492822966507196",
      "-   2 - t   4 v  10 s 2.5",
      "-   3 - t 7.158730158730158 v  10 s 1.3968957871396896",
      "-   4 - t 4.555555555555557 v  10 s 2.1951219512195115",
      "-   5 - t   4 v  10 s 2.5",
      "-   6 - t 5.375 v  10 s 1.8604651162790697",
      "-   7 - t 6.625 v  10 s 1.509433962264151",
      "-   8 - t  22 v  10 s 0.45454545454545453",
      "-   9 - t  13 v  10 s 0.7692307692307693"
    ],
    "sum": "t 100 v 100",
    "holes": []
  },
  "averageOverTime_50_50": {
    "avg": [
      "-   0 - t  50 v  53 s 1.06",
      "-   1 - t  50 v  47 s 0.94"
    ],
    "sum": "t 100 v 100",
    "holes": []
  },
  "averageOverSize_50_50": {
    "avg": [
      "-   0 - t  49 v  50 s 1.0204081632653061",
      "-   1 - t  51 v  50 s 0.9803921568627451"
    ],
    "sum": "t 100 v 100",
    "holes": []
  },